,,,,,,,,,,,,,,,,,,
SetupTitle, I/V Sweep,,,,,,,,,,,,,,,,,
PrimitiveTest, I/V Sweep,,,,,,,,,,,,,,,,,
TestParameter, Context.MainFrame, B1500A,,,,,,,,,,,,,,,,
TestParameter, Channel.UnitType, SMU, SMU,,,,,,,,,,,,,,,
TestParameter, Channel.Unit, SMU1:HR/AS, SMU2:HR/AS,,,,,,,,,,,,,,,
TestParameter, Channel.IName, Ig, Id,,,,,,,,,,,,,,,
TestParameter, Channel.VName, Vg, Vd,,,,,,,,,,,,,,,
TestParameter, Channel.Mode, V, V,,,,,,,,,,,,,,,
TestParameter, Channel.Func, VAR2, VAR1,,,,,,,,,,,,,,,
TestParameter, Channel.Index, ,,,,,,,,,,,,,,,,
TestParameter, Channel.Time, ,,,,,,,,,,,,,,,,
TestParameter, Measurement.Port.Unit, SMU1:HR/AS, SMU2:HR/AS,,,,,,,,,,,,,,,
TestParameter, Measurement.Port.SeriesResistor, NONE, NONE,,,,,,,,,,,,,,,
TestParameter, Measurement.Port.Filter, ON, ON,,,,,,,,,,,,,,,
TestParameter, Measurement.Port.OutputVoltageComparison, 0, 0,,,,,,,,,,,,,,,
TestParameter, Measurement.Primary.Locus, Single,,,,,,,,,,,,,,,,
TestParameter, Measurement.Primary.Scale, LINEAR,,,,,,,,,,,,,,,,
TestParameter, Measurement.Primary.Start, 0,,,,,,,,,,,,,,,,
TestParameter, Measurement.Primary.Stop, -0.5,,,,,,,,,,,,,,,,
TestParameter, Measurement.Primary.Step, -0.005,,,,,,,,,,,,,,,,
TestParameter, Measurement.Primary.Compliance, 0.1,,,,,,,,,,,,,,,,
TestParameter, Measurement.Primary.PowerCompliance, 0,,,,,,,,,,,,,,,,
TestParameter, Measurement.Aborting.Condition, CONTINUE AT ANY,,,,,,,,,,,,,,,,
TestParameter, Measurement.PostOutput.Value, START,,,,,,,,,,,,,,,,
TestParameter, Measurement.PostOutput.Retention, OFF,,,,,,,,,,,,,,,,
TestParameter, Measurement.Secondary.Start, 0,,,,,,,,,,,,,,,,
TestParameter, Measurement.Secondary.Count, 6,,,,,,,,,,,,,,,,
TestParameter, Measurement.Secondary.Step, -0.1,,,,,,,,,,,,,,,,
TestParameter, Measurement.Secondary.Compliance, 0.0001,,,,,,,,,,,,,,,,
TestParameter, Measurement.Secondary.PowerCompliance, 0,,,,,,,,,,,,,,,,
TestParameter, Measurement.Bias.Source, 0, 0,,,,,,,,,,,,,,,
TestParameter, Measurement.Bias.Compliance, 0.0001, 0.1,,,,,,,,,,,,,,,
TestParameter, Measurement.Monitor.Unit, SMU1:HR/AS, SMU2:HR/AS,,,,,,,,,,,,,,,
TestParameter, Measurement.Monitor.Adc, HR ADC, HR ADC,,,,,,,,,,,,,,,
TestParameter, Measurement.Monitor.Measurement, Compliance Side, Compliance Side,,,,,,,,,,,,,,,
TestParameter, Measurement.Monitor.RangingMode, LIMITED, LIMITED,,,,,,,,,,,,,,,
TestParameter, Measurement.Monitor.RangeBoundary, 1nA, 1nA,,,,,,,,,,,,,,,
TestParameter, Measurement.Monitor.RangeRating, BY FULL RANGE, BY FULL RANGE,,,,,,,,,,,,,,,
TestParameter, Measurement.Monitor.RangeRatingCoeff, 50, 50,,,,,,,,,,,,,,,
TestParameter, Measurement.Timing.Hold, 0,,,,,,,,,,,,,,,,
TestParameter, Measurement.Timing.Delay, 0,,,,,,,,,,,,,,,,
TestParameter, Measurement.Adc.HighSpeed.Mode, AUTO,,,,,,,,,,,,,,,,
TestParameter, Measurement.Adc.HighSpeed.Coeff, 1,,,,,,,,,,,,,,,,
TestParameter, Measurement.Adc.HighResolution.AutoZero, OFF,,,,,,,,,,,,,,,,
TestParameter, Measurement.Adc.HighResolution.Mode, AUTO,,,,,,,,,,,,,,,,
TestParameter, Measurement.Adc.HighResolution.Coeff, 6,,,,,,,,,,,,,,,,
TestParameter, Measurement.WaitTime.Source.Coeff, 1,,,,,,,,,,,,,,,,
TestParameter, Measurement.WaitTime.Source.Offset, 0,,,,,,,,,,,,,,,,
TestParameter, Measurement.WaitTime.Monitor.Coeff, 1,,,,,,,,,,,,,,,,
TestParameter, Measurement.WaitTime.Monitor.Offset, 0,,,,,,,,,,,,,,,,
TestParameter, Output.Graph.Enabled, true,,,,,,,,,,,,,,,,
TestParameter, Output.Graph.AutoScaling, false,,,,,,,,,,,,,,,,
TestParameter, Output.Graph.XAxis.Data, Vd,,,,,,,,,,,,,,,,
TestParameter, Output.Graph.XAxis.Scale, Linear,,,,,,,,,,,,,,,,
TestParameter, Output.Graph.XAxis.Left, 0,,,,,,,,,,,,,,,,
TestParameter, Output.Graph.XAxis.Right, -0.5,,,,,,,,,,,,,,,,
TestParameter, Output.Graph.XAxis.RunTimeAutoScale, true,,,,,,,,,,,,,,,,
TestParameter, Output.Graph.YAxis.Data, Id,,,,,,,,,,,,,,,,
TestParameter, Output.Graph.YAxis.Scale, Linear,,,,,,,,,,,,,,,,
TestParameter, Output.Graph.YAxis.Bottom, -0.1,,,,,,,,,,,,,,,,
TestParameter, Output.Graph.YAxis.Top, 0.1,,,,,,,,,,,,,,,,
TestParameter, Output.Graph.YAxis.Group, ,,,,,,,,,,,,,,,,
TestParameter, Output.Graph.YAxis.RunTimeAutoScale, true,,,,,,,,,,,,,,,,
TestParameter, Output.List.Data, Vd, Vg, Id,,,,,,,,,,,,,,
TestParameter, AutoAnalysis.Interpolation, false,,,,,,,,,,,,,,,,
TestParameter, AutoAnalysis.Var2StepCount, 1,,,,,,,,,,,,,,,,
TestParameter, AutoAnalysis.Var2StepScript, ,,,,,,,,,,,,,,,,
TestParameter, AutoAnalysis.Line1.Enabled, false,,,,,,,,,,,,,,,,
TestParameter, AutoAnalysis.Line1.Type, 1,,,,,,,,,,,,,,,,
TestParameter, AutoAnalysis.Line1.Fix, True,,,,,,,,,,,,,,,,
TestParameter, AutoAnalysis.Line1.YAxis, 0,,,,,,,,,,,,,,,,
TestParameter, AutoAnalysis.Line1.Point1.Type, 0,,,,,,,,,,,,,,,,
TestParameter, AutoAnalysis.Line1.Point1.XY.X, ,,,,,,,,,,,,,,,,
TestParameter, AutoAnalysis.Line1.Point1.XY.Y, ,,,,,,,,,,,,,,,,
TestParameter, AutoAnalysis.Line1.Point1.Data.Var, ,,,,,,,,,,,,,,,,
TestParameter, AutoAnalysis.Line1.Point1.Data.Condition, ,,,,,,,,,,,,,,,,
TestParameter, AutoAnalysis.Line1.Point1.Data.Start, false,,,,,,,,,,,,,,,,
TestParameter, AutoAnalysis.Line1.Point1.Data.StartVar, ,,,,,,,,,,,,,,,,
TestParameter, AutoAnalysis.Line1.Point1.Data.StartCondition, ,,,,,,,,,,,,,,,,
TestParameter, AutoAnalysis.Line1.Point2.Type, 0,,,,,,,,,,,,,,,,
TestParameter, AutoAnalysis.Line1.Point2.XY.X, ,,,,,,,,,,,,,,,,
TestParameter, AutoAnalysis.Line1.Point2.XY.Y, ,,,,,,,,,,,,,,,,
TestParameter, AutoAnalysis.Line1.Point2.Data.Var, ,,,,,,,,,,,,,,,,
TestParameter, AutoAnalysis.Line1.Point2.Data.Condition, ,,,,,,,,,,,,,,,,
TestParameter, AutoAnalysis.Line1.Point2.Data.Start, false,,,,,,,,,,,,,,,,
TestParameter, AutoAnalysis.Line1.Point2.Data.StartVar, ,,,,,,,,,,,,,,,,
TestParameter, AutoAnalysis.Line1.Point2.Data.StartCondition, ,,,,,,,,,,,,,,,,
TestParameter, AutoAnalysis.Line1.GradientExpr, 0,,,,,,,,,,,,,,,,
TestParameter, AutoAnalysis.Line2.Enabled, false,,,,,,,,,,,,,,,,
TestParameter, AutoAnalysis.Line2.Type, 1,,,,,,,,,,,,,,,,
TestParameter, AutoAnalysis.Line2.Fix, True,,,,,,,,,,,,,,,,
TestParameter, AutoAnalysis.Line2.YAxis, 0,,,,,,,,,,,,,,,,
TestParameter, AutoAnalysis.Line2.Point1.Type, 0,,,,,,,,,,,,,,,,
TestParameter, AutoAnalysis.Line2.Point1.XY.X, ,,,,,,,,,,,,,,,,
TestParameter, AutoAnalysis.Line2.Point1.XY.Y, ,,,,,,,,,,,,,,,,
TestParameter, AutoAnalysis.Line2.Point1.Data.Var, ,,,,,,,,,,,,,,,,
TestParameter, AutoAnalysis.Line2.Point1.Data.Condition, ,,,,,,,,,,,,,,,,
TestParameter, AutoAnalysis.Line2.Point1.Data.Start, false,,,,,,,,,,,,,,,,
TestParameter, AutoAnalysis.Line2.Point1.Data.StartVar, ,,,,,,,,,,,,,,,,
TestParameter, AutoAnalysis.Line2.Point1.Data.StartCondition, ,,,,,,,,,,,,,,,,
TestParameter, AutoAnalysis.Line2.Point2.Type, 0,,,,,,,,,,,,,,,,
TestParameter, AutoAnalysis.Line2.Point2.XY.X, ,,,,,,,,,,,,,,,,
TestParameter, AutoAnalysis.Line2.Point2.XY.Y, ,,,,,,,,,,,,,,,,
TestParameter, AutoAnalysis.Line2.Point2.Data.Var, ,,,,,,,,,,,,,,,,
TestParameter, AutoAnalysis.Line2.Point2.Data.Condition, ,,,,,,,,,,,,,,,,
TestParameter, AutoAnalysis.Line2.Point2.Data.Start, false,,,,,,,,,,,,,,,,
TestParameter, AutoAnalysis.Line2.Point2.Data.StartVar, ,,,,,,,,,,,,,,,,
TestParameter, AutoAnalysis.Line2.Point2.Data.StartCondition, ,,,,,,,,,,,,,,,,
TestParameter, AutoAnalysis.Line2.GradientExpr, 0,,,,,,,,,,,,,,,,
TestParameter, AutoAnalysis.Marker.Enabled, false,,,,,,,,,,,,,,,,
TestParameter, AutoAnalysis.Marker.Data.Var, ,,,,,,,,,,,,,,,,
TestParameter, AutoAnalysis.Marker.Data.Condition, ,,,,,,,,,,,,,,,,
TestParameter, AutoAnalysis.Marker.Data.Start, false,,,,,,,,,,,,,,,,
TestParameter, AutoAnalysis.Marker.Data.StartVar, ,,,,,,,,,,,,,,,,
TestParameter, AutoAnalysis.Marker.Data.StartCondition, ,,,,,,,,,,,,,,,,
MetaData, TestRecord.EntryPoint, true,,,,,,,,,,,,,,,,
MetaData, TestRecord.RecordTime, 05/22/2024 01:09:39,,,,,,,,,,,,,,,,
MetaData, TestRecord.TestTarget, ,,,,,,,,,,,,,,,,
MetaData, TestRecord.IterationIndex, 13,,,,,,,,,,,,,,,,
MetaData, TestRecord.Preservation, true,,,,,,,,,,,,,,,,
MetaData, TestRecord.Flag, !,,,,,,,,,,,,,,,,
MetaData, TestRecord.Remarks, s12c2_output,,,,,,,,,,,,,,,,
MetaData, TestRecord.LinkKey, 0bc0f251-b0df-49c0-adaa-9143a1819d0d,,,,,,,,,,,,,,,,
MetaData, TestRecord.Parameters, ,,,,,,,,,,,,,,,,
AnalysisSetup, Analysis.Setup.Vector.Graph.Enabled, true,,,,,,,,,,,,,,,,
AnalysisSetup, Analysis.Setup.Vector.Graph.ActiveYAxis, 0,,,,,,,,,,,,,,,,
AnalysisSetup, Analysis.Setup.Vector.Graph.LeftYAxis, 0,,,,,,,,,,,,,,,,
AnalysisSetup, Analysis.Setup.Vector.Graph.RightYAxis, -1,,,,,,,,,,,,,,,,
AnalysisSetup, Analysis.Setup.Vector.Graph.XAxis.Name, Vd,,,,,,,,,,,,,,,,
AnalysisSetup, Analysis.Setup.Vector.Graph.XAxis.GroupName, ,,,,,,,,,,,,,,,,
AnalysisSetup, Analysis.Setup.Vector.Graph.XAxis.RunTimeAutoScale, true,,,,,,,,,,,,,,,,
AnalysisSetup, Analysis.Setup.Vector.Graph.XAxis.Unit, V,,,,,,,,,,,,,,,,
AnalysisSetup, Analysis.Setup.Vector.Graph.XAxis.Scale, Linear,,,,,,,,,,,,,,,,
AnalysisSetup, Analysis.Setup.Vector.Graph.XAxis.Left, 0,,,,,,,,,,,,,,,,
AnalysisSetup, Analysis.Setup.Vector.Graph.XAxis.Right, -0.5,,,,,,,,,,,,,,,,
AnalysisSetup, Analysis.Setup.Vector.Graph.YAxis.Name, Id,,,,,,,,,,,,,,,,
AnalysisSetup, Analysis.Setup.Vector.Graph.YAxis.GroupName, ,,,,,,,,,,,,,,,,
AnalysisSetup, Analysis.Setup.Vector.Graph.YAxis.RunTimeAutoScale, true,,,,,,,,,,,,,,,,
AnalysisSetup, Analysis.Setup.Vector.Graph.YAxis.Unit, A,,,,,,,,,,,,,,,,
AnalysisSetup, Analysis.Setup.Vector.Graph.YAxis.Scale, Linear,,,,,,,,,,,,,,,,
AnalysisSetup, Analysis.Setup.Vector.Graph.YAxis.Bottom, -2.3E-07,,,,,,,,,,,,,,,,
AnalysisSetup, Analysis.Setup.Vector.Graph.YAxis.Top, 1.8E-07,,,,,,,,,,,,,,,,
AnalysisSetup, Analysis.Setup.Vector.Graph.Operation.Marker.Enabled, false,,,,,,,,,,,,,,,,
AnalysisSetup, Analysis.Setup.Vector.Graph.Operation.Marker.Interpolation, false,,,,,,,,,,,,,,,,
AnalysisSetup, Analysis.Setup.Vector.Graph.Operation.Marker.Index, 0,,,,,,,,,,,,,,,,
AnalysisSetup, Analysis.Setup.Vector.Graph.Operation.Marker.Step, 0,,,,,,,,,,,,,,,,
AnalysisSetup, Analysis.Setup.Vector.Graph.Operation.Cursor.Enabled, false,,,,,,,,,,,,,,,,
AnalysisSetup, Analysis.Setup.Vector.Graph.Operation.Cursor.Active, true,,,,,,,,,,,,,,,,
AnalysisSetup, Analysis.Setup.Vector.Graph.Operation.Cursor.NormalX, 0.5,,,,,,,,,,,,,,,,
AnalysisSetup, Analysis.Setup.Vector.Graph.Operation.Cursor.NormalY, 0.5609756097560975,,,,,,,,,,,,,,,,
AnalysisSetup, Analysis.Setup.Vector.Graph.Operation.Line1.Enabled, false,,,,,,,,,,,,,,,,
AnalysisSetup, Analysis.Setup.Vector.Graph.Operation.Line1.Active, false,,,,,,,,,,,,,,,,
AnalysisSetup, Analysis.Setup.Vector.Graph.Operation.Line1.Fix, false,,,,,,,,,,,,,,,,
AnalysisSetup, Analysis.Setup.Vector.Graph.Operation.Line1.Type, 1,,,,,,,,,,,,,,,,
AnalysisSetup, Analysis.Setup.Vector.Graph.Operation.Line1.YAxisIndex, 0,,,,,,,,,,,,,,,,
AnalysisSetup, Analysis.Setup.Vector.Graph.Operation.Line1.LastIndex, -1,,,,,,,,,,,,,,,,
AnalysisSetup, Analysis.Setup.Vector.Graph.Operation.Line1.LastStep, -1,,,,,,,,,,,,,,,,
AnalysisSetup, Analysis.Setup.Vector.Graph.Operation.Line1.Cursor1.Enabled, false,,,,,,,,,,,,,,,,
AnalysisSetup, Analysis.Setup.Vector.Graph.Operation.Line1.Cursor1.Active, false,,,,,,,,,,,,,,,,
AnalysisSetup, Analysis.Setup.Vector.Graph.Operation.Line1.Cursor1.NormalX, 0.5,,,,,,,,,,,,,,,,
AnalysisSetup, Analysis.Setup.Vector.Graph.Operation.Line1.Cursor1.NormalY, 0.5609756097560975,,,,,,,,,,,,,,,,
AnalysisSetup, Analysis.Setup.Vector.Graph.Operation.Line1.Cursor2.Enabled, false,,,,,,,,,,,,,,,,
AnalysisSetup, Analysis.Setup.Vector.Graph.Operation.Line1.Cursor2.Active, false,,,,,,,,,,,,,,,,
AnalysisSetup, Analysis.Setup.Vector.Graph.Operation.Line1.Cursor2.NormalX, 0.5,,,,,,,,,,,,,,,,
AnalysisSetup, Analysis.Setup.Vector.Graph.Operation.Line1.Cursor2.NormalY, 0.5609756097560975,,,,,,,,,,,,,,,,
AnalysisSetup, Analysis.Setup.Vector.Graph.Operation.Line1.Gradient, ,,,,,,,,,,,,,,,,
AnalysisSetup, Analysis.Setup.Vector.Graph.Operation.Line2.Enabled, false,,,,,,,,,,,,,,,,
AnalysisSetup, Analysis.Setup.Vector.Graph.Operation.Line2.Active, false,,,,,,,,,,,,,,,,
AnalysisSetup, Analysis.Setup.Vector.Graph.Operation.Line2.Fix, false,,,,,,,,,,,,,,,,
AnalysisSetup, Analysis.Setup.Vector.Graph.Operation.Line2.Type, 1,,,,,,,,,,,,,,,,
AnalysisSetup, Analysis.Setup.Vector.Graph.Operation.Line2.YAxisIndex, 0,,,,,,,,,,,,,,,,
AnalysisSetup, Analysis.Setup.Vector.Graph.Operation.Line2.LastIndex, -1,,,,,,,,,,,,,,,,
AnalysisSetup, Analysis.Setup.Vector.Graph.Operation.Line2.LastStep, -1,,,,,,,,,,,,,,,,
AnalysisSetup, Analysis.Setup.Vector.Graph.Operation.Line2.Cursor1.Enabled, false,,,,,,,,,,,,,,,,
AnalysisSetup, Analysis.Setup.Vector.Graph.Operation.Line2.Cursor1.Active, false,,,,,,,,,,,,,,,,
AnalysisSetup, Analysis.Setup.Vector.Graph.Operation.Line2.Cursor1.NormalX, 0.5,,,,,,,,,,,,,,,,
AnalysisSetup, Analysis.Setup.Vector.Graph.Operation.Line2.Cursor1.NormalY, 0.5609756097560975,,,,,,,,,,,,,,,,
AnalysisSetup, Analysis.Setup.Vector.Graph.Operation.Line2.Cursor2.Enabled, false,,,,,,,,,,,,,,,,
AnalysisSetup, Analysis.Setup.Vector.Graph.Operation.Line2.Cursor2.Active, false,,,,,,,,,,,,,,,,
AnalysisSetup, Analysis.Setup.Vector.Graph.Operation.Line2.Cursor2.NormalX, 0.5,,,,,,,,,,,,,,,,
AnalysisSetup, Analysis.Setup.Vector.Graph.Operation.Line2.Cursor2.NormalY, 0.5609756097560975,,,,,,,,,,,,,,,,
AnalysisSetup, Analysis.Setup.Vector.Graph.Operation.Line2.Gradient, ,,,,,,,,,,,,,,,,
AnalysisSetup, Analysis.Setup.Vector.Graph.Preference.BackgroundColor, -1,,,,,,,,,,,,,,,,
AnalysisSetup, Analysis.Setup.Vector.Graph.Preference.TextColor, -16777216,,,,,,,,,,,,,,,,
AnalysisSetup, Analysis.Setup.Vector.Graph.Preference.GridColor, -3618616,,,,,,,,,,,,,,,,
AnalysisSetup, Analysis.Setup.Vector.Graph.Preference.LineColor, -65336,,,,,,,,,,,,,,,,
AnalysisSetup, Analysis.Setup.Vector.Graph.Preference.Var2LabelColor, -11513776,,,,,,,,,,,,,,,,
AnalysisSetup, Analysis.Setup.Vector.Graph.Preference.ChangeToColor, -24416,,,,,,,,,,,,,,,,
AnalysisSetup, Analysis.Setup.Vector.Graph.Preference.GridStyle, 0,,,,,,,,,,,,,,,,
AnalysisSetup, Analysis.Setup.Vector.Graph.Preference.LineStyle, 0,,,,,,,,,,,,,,,,
AnalysisSetup, Analysis.Setup.Vector.Graph.Preference.Var2LabelStyle, Adjacent,,,,,,,,,,,,,,,,
AnalysisSetup, Analysis.Setup.Vector.Graph.Preference.Plots.Y1.Visible, true,,,,,,,,,,,,,,,,
AnalysisSetup, Analysis.Setup.Vector.Graph.Preference.Plots.Y1.PlotColor, -16777036,,,,,,,,,,,,,,,,
AnalysisSetup, Analysis.Setup.Vector.Graph.Preference.Plots.Y1.Thickness, 1,,,,,,,,,,,,,,,,
AnalysisSetup, Analysis.Setup.Vector.Graph.Preference.Plots.Y1.PlotStyle, 0,,,,,,,,,,,,,,,,
AnalysisSetup, Analysis.Setup.Vector.Graph.Preference.Plots.Y2.Visible, true,,,,,,,,,,,,,,,,
AnalysisSetup, Analysis.Setup.Vector.Graph.Preference.Plots.Y2.PlotColor, -39936,,,,,,,,,,,,,,,,
AnalysisSetup, Analysis.Setup.Vector.Graph.Preference.Plots.Y2.Thickness, 1,,,,,,,,,,,,,,,,
AnalysisSetup, Analysis.Setup.Vector.Graph.Preference.Plots.Y2.PlotStyle, 0,,,,,,,,,,,,,,,,
AnalysisSetup, Analysis.Setup.Vector.Graph.Preference.Plots.Y3.Visible, true,,,,,,,,,,,,,,,,
AnalysisSetup, Analysis.Setup.Vector.Graph.Preference.Plots.Y3.PlotColor, -16731136,,,,,,,,,,,,,,,,
AnalysisSetup, Analysis.Setup.Vector.Graph.Preference.Plots.Y3.Thickness, 1,,,,,,,,,,,,,,,,
AnalysisSetup, Analysis.Setup.Vector.Graph.Preference.Plots.Y3.PlotStyle, 0,,,,,,,,,,,,,,,,
AnalysisSetup, Analysis.Setup.Vector.Graph.Preference.Plots.Y4.Visible, true,,,,,,,,,,,,,,,,
AnalysisSetup, Analysis.Setup.Vector.Graph.Preference.Plots.Y4.PlotColor, -8892376,,,,,,,,,,,,,,,,
AnalysisSetup, Analysis.Setup.Vector.Graph.Preference.Plots.Y4.Thickness, 1,,,,,,,,,,,,,,,,
AnalysisSetup, Analysis.Setup.Vector.Graph.Preference.Plots.Y4.PlotStyle, 0,,,,,,,,,,,,,,,,
AnalysisSetup, Analysis.Setup.Vector.Graph.Preference.Plots.Y5.Visible, true,,,,,,,,,,,,,,,,
AnalysisSetup, Analysis.Setup.Vector.Graph.Preference.Plots.Y5.PlotColor, -65536,,,,,,,,,,,,,,,,
AnalysisSetup, Analysis.Setup.Vector.Graph.Preference.Plots.Y5.Thickness, 1,,,,,,,,,,,,,,,,
AnalysisSetup, Analysis.Setup.Vector.Graph.Preference.Plots.Y5.PlotStyle, 0,,,,,,,,,,,,,,,,
AnalysisSetup, Analysis.Setup.Vector.Graph.Preference.Plots.Y6.Visible, true,,,,,,,,,,,,,,,,
AnalysisSetup, Analysis.Setup.Vector.Graph.Preference.Plots.Y6.PlotColor, -14336,,,,,,,,,,,,,,,,
AnalysisSetup, Analysis.Setup.Vector.Graph.Preference.Plots.Y6.Thickness, 1,,,,,,,,,,,,,,,,
AnalysisSetup, Analysis.Setup.Vector.Graph.Preference.Plots.Y6.PlotStyle, 0,,,,,,,,,,,,,,,,
AnalysisSetup, Analysis.Setup.Vector.Graph.Preference.Plots.Y7.Visible, true,,,,,,,,,,,,,,,,
AnalysisSetup, Analysis.Setup.Vector.Graph.Preference.Plots.Y7.PlotColor, -6946586,,,,,,,,,,,,,,,,
AnalysisSetup, Analysis.Setup.Vector.Graph.Preference.Plots.Y7.Thickness, 1,,,,,,,,,,,,,,,,
AnalysisSetup, Analysis.Setup.Vector.Graph.Preference.Plots.Y7.PlotStyle, 0,,,,,,,,,,,,,,,,
AnalysisSetup, Analysis.Setup.Vector.Graph.Preference.Plots.Y8.Visible, true,,,,,,,,,,,,,,,,
AnalysisSetup, Analysis.Setup.Vector.Graph.Preference.Plots.Y8.PlotColor, -16733546,,,,,,,,,,,,,,,,
AnalysisSetup, Analysis.Setup.Vector.Graph.Preference.Plots.Y8.Thickness, 1,,,,,,,,,,,,,,,,
AnalysisSetup, Analysis.Setup.Vector.Graph.Preference.Plots.Y8.PlotStyle, 0,,,,,,,,,,,,,,,,
AnalysisSetup, Analysis.Setup.Vector.Graph.Preference.Text.AxisTitle.FontName, Tahoma,,,,,,,,,,,,,,,,
AnalysisSetup, Analysis.Setup.Vector.Graph.Preference.Text.AxisTitle.RelativeSize, Medium,,,,,,,,,,,,,,,,
AnalysisSetup, Analysis.Setup.Vector.Graph.Preference.Text.AxisTitle.Size, 7,,,,,,,,,,,,,,,,
AnalysisSetup, Analysis.Setup.Vector.Graph.Preference.Text.ScaleText.FontName, Tahoma,,,,,,,,,,,,,,,,
AnalysisSetup, Analysis.Setup.Vector.Graph.Preference.Text.ScaleText.RelativeSize, Medium,,,,,,,,,,,,,,,,
AnalysisSetup, Analysis.Setup.Vector.Graph.Preference.Text.ScaleText.Size, 7,,,,,,,,,,,,,,,,
AnalysisSetup, Analysis.Setup.Vector.Graph.Preference.Text.Legend.FontName, Tahoma,,,,,,,,,,,,,,,,
AnalysisSetup, Analysis.Setup.Vector.Graph.Preference.Text.Legend.RelativeSize, Medium,,,,,,,,,,,,,,,,
AnalysisSetup, Analysis.Setup.Vector.Graph.Preference.Text.Legend.Size, 7,,,,,,,,,,,,,,,,
AnalysisSetup, Analysis.Setup.Vector.Graph.Preference.Scale.LogTickedDecadeCount, 6,,,,,,,,,,,,,,,,
AnalysisSetup, Analysis.Setup.Vector.Graph.Preference.LogoVisible, true,,,,,,,,,,,,,,,,
AnalysisSetup, Analysis.Setup.Vector.Graph.Preference.GridVisible, true,,,,,,,,,,,,,,,,
AnalysisSetup, Analysis.Setup.Vector.Graph.Preference.SetupSummaryVisible, false,,,,,,,,,,,,,,,,
AnalysisSetup, Analysis.Setup.Vector.Graph.Preference.ChangeColorEnabled, false,,,,,,,,,,,,,,,,
AnalysisSetup, Analysis.Setup.Vector.Graph.Preference.MinorTicksValueVisible, false,,,,,,,,,,,,,,,,
AnalysisSetup, Analysis.Setup.Vector.Graph.Preference.CursorFormat, 0,,,,,,,,,,,,,,,,
AnalysisSetup, Analysis.Setup.Vector.Graph.Preference.CursorDigits, 6,,,,,,,,,,,,,,,,
AnalysisSetup, Analysis.Setup.Vector.Graph.Preference.MarkerFormat, 0,,,,,,,,,,,,,,,,
AnalysisSetup, Analysis.Setup.Vector.Graph.Preference.MarkerDigits, 6,,,,,,,,,,,,,,,,
AnalysisSetup, Analysis.Setup.Vector.Graph.Preference.InterceptFormat, 0,,,,,,,,,,,,,,,,
AnalysisSetup, Analysis.Setup.Vector.Graph.Preference.InterceptDigits, 6,,,,,,,,,,,,,,,,
AnalysisSetup, Analysis.Setup.Vector.Graph.Preference.Var2LabelVisible, false,,,,,,,,,,,,,,,,
AnalysisSetup, Analysis.Setup.Vector.Graph.Preference.ParametersVisible, false,,,,,,,,,,,,,,,,
AnalysisSetup, Analysis.Setup.Vector.Graph.Preference.GridNumberFixity, false,,,,,,,,,,,,,,,,
AnalysisSetup, Analysis.Setup.Vector.Graph.Preference.AddsVerticalMargin, true,,,,,,,,,,,,,,,,
AnalysisSetup, Analysis.Setup.Vector.Graph.Notes, [VAR1] Unit=SMU2:HR/AS, Name=Vd, Direction=Single, Linear/Log=LINEAR, Start=0 V, Stop=-500 mV, Step=-5 mV, No. of Steps=101, Compliance=100 mA, Pwr Comp=OFF	[VAR2] Unit=SMU1:HR/AS, Name=Vg, Start=0 V, Stop=-500 mV, Step=-100 mV, No. of Steps=6, Compliance=100 uA, Pwr Comp=OFF
AnalysisSetup, Analysis.Setup.Vector.Graph.SetupInfo, Vg	0,-0.1,-0.2,-0.3,-0.4,-0.5	0	-0.1	6,,,,,,,,,,,
AnalysisSetup, Analysis.Setup.Vector.List.Datum.Name, Vd, Vg, Id,,,,,,,,,,,,,,
AnalysisSetup, Analysis.Setup.Vector.List.Datum.Unit, V, V, A,,,,,,,,,,,,,,
AnalysisSetup, Analysis.Setup.Preference.GraphVisible, true,,,,,,,,,,,,,,,,
AnalysisSetup, Analysis.Setup.Preference.ListVisible, true,,,,,,,,,,,,,,,,
AnalysisSetup, Analysis.Setup.Preference.ScalarVisible, true,,,,,,,,,,,,,,,,
AnalysisSetup, Analysis.Setup.Title, I/V Sweep,,,,,,,,,,,,,,,,
Dimension1, 101, 101, 101,,,,,,,,,,,,,,,
Dimension2, 6, 6, 6,,,,,,,,,,,,,,,
DataName, Vd, Vg, Id,,,,,,,,,,,,,,,
DataValue, 0, 0, -1.62448E-08,,,,,,,,,,,,,,,
DataValue, -0.005, 0, 3.08994E-08,,,,,,,,,,,,,,,
DataValue, -0.01, 0, -2.6551199999999998E-08,,,,,,,,,,,,,,,
DataValue, -0.015000000000000001, 0, 3.0549799999999995E-08,,,,,,,,,,,,,,,
DataValue, -0.02, 0, -3.3185599999999995E-08,,,,,,,,,,,,,,,
DataValue, -0.025, 0, 2.58684E-08,,,,,,,,,,,,,,,
DataValue, -0.030000000000000002, 0, -3.4365599999999996E-08,,,,,,,,,,,,,,,
DataValue, -0.035, 0, 1.62164E-08,,,,,,,,,,,,,,,
DataValue, -0.04, 0, -3.02346E-08,,,,,,,,,,,,,,,
DataValue, -0.045000000000000005, 0, 8.8759999999999991E-10,,,,,,,,,,,,,,,
DataValue, -0.05, 0, -2.1526599999999996E-08,,,,,,,,,,,,,,,
DataValue, -0.055, 0, -4.0917999999999996E-08,,,,,,,,,,,,,,,
DataValue, -0.060000000000000005, 0, 1.0072999999999999E-08,,,,,,,,,,,,,,,
DataValue, -0.065, 0, -4.5497999999999995E-08,,,,,,,,,,,,,,,
DataValue, -0.07, 0, -7.7316E-09,,,,,,,,,,,,,,,
DataValue, -0.075, 0, -3.3095999999999994E-08,,,,,,,,,,,,,,,
DataValue, -0.08, 0, -4.80882E-08,,,,,,,,,,,,,,,
DataValue, -0.085, 0, -2.1465999999999996E-09,,,,,,,,,,,,,,,
DataValue, -0.090000000000000011, 0, -5.8502E-08,,,,,,,,,,,,,,,
DataValue, -0.095, 0, -1.6629999999999997E-09,,,,,,,,,,,,,,,
DataValue, -0.1, 0, -6.4906E-08,,,,,,,,,,,,,,,
DataValue, -0.10500000000000001, 0, -5.7754E-09,,,,,,,,,,,,,,,
DataValue, -0.11, 0, -6.59574E-08,,,,,,,,,,,,,,,
DataValue, -0.115, 0, -3.9279199999999995E-08,,,,,,,,,,,,,,,
DataValue, -0.12000000000000001, 0, -3.50382E-08,,,,,,,,,,,,,,,
DataValue, -0.125, 0, -5.6759799999999996E-08,,,,,,,,,,,,,,,
DataValue, -0.13, 0, -2.6330399999999997E-08,,,,,,,,,,,,,,,
DataValue, -0.135, 0, -7.1192199999999991E-08,,,,,,,,,,,,,,,
DataValue, -0.14, 0, -2.0063399999999998E-08,,,,,,,,,,,,,,,
DataValue, -0.14500000000000002, 0, -8.1834999999999991E-08,,,,,,,,,,,,,,,
DataValue, -0.15, 0, -2.2208799999999996E-08,,,,,,,,,,,,,,,
DataValue, -0.155, 0, -8.4558599999999988E-08,,,,,,,,,,,,,,,
DataValue, -0.16, 0, -3.3731E-08,,,,,,,,,,,,,,,
DataValue, -0.165, 0, -7.62228E-08,,,,,,,,,,,,,,,
DataValue, -0.17, 0, -4.96818E-08,,,,,,,,,,,,,,,
DataValue, -0.17500000000000002, 0, -6.66386E-08,,,,,,,,,,,,,,,
DataValue, -0.18000000000000002, 0, -6.67458E-08,,,,,,,,,,,,,,,
DataValue, -0.185, 0, -5.7244999999999994E-08,,,,,,,,,,,,,,,
DataValue, -0.19, 0, -8.41184E-08,,,,,,,,,,,,,,,
DataValue, -0.195, 0, -4.7926799999999992E-08,,,,,,,,,,,,,,,
DataValue, -0.2, 0, -9.77348E-08,,,,,,,,,,,,,,,
DataValue, -0.20500000000000002, 0, -4.33858E-08,,,,,,,,,,,,,,,
DataValue, -0.21000000000000002, 0, -1.0659259999999999E-07,,,,,,,,,,,,,,,
DataValue, -0.215, 0, -4.6923199999999994E-08,,,,,,,,,,,,,,,
DataValue, -0.22, 0, -4.674E-08,,,,,,,,,,,,,,,
DataValue, -0.225, 0, -9.9E-08,,,,,,,,,,,,,,,
DataValue, -0.23, 0, -1.0422E-07,,,,,,,,,,,,,,,
DataValue, -0.23500000000000001, 0, -4.754E-08,,,,,,,,,,,,,,,
DataValue, -0.24000000000000002, 0, -8.2242799999999993E-08,,,,,,,,,,,,,,,
DataValue, -0.24500000000000002, 0, -8.296E-08,,,,,,,,,,,,,,,
DataValue, -0.25, 0, -1.222E-07,,,,,,,,,,,,,,,
DataValue, -0.255, 0, -8.3119999999999993E-08,,,,,,,,,,,,,,,
DataValue, -0.26, 0, -1.2762E-07,,,,,,,,,,,,,,,
DataValue, -0.265, 0, -9.432E-08,,,,,,,,,,,,,,,
DataValue, -0.27, 0, -1.2824E-07,,,,,,,,,,,,,,,
DataValue, -0.275, 0, -9.27E-08,,,,,,,,,,,,,,,
DataValue, -0.28, 0, -1.333E-07,,,,,,,,,,,,,,,
DataValue, -0.28500000000000003, 0, -9.082E-08,,,,,,,,,,,,,,,
DataValue, -0.29000000000000004, 0, -1.387E-07,,,,,,,,,,,,,,,
DataValue, -0.29500000000000004, 0, -9.224E-08,,,,,,,,,,,,,,,
DataValue, -0.3, 0, -1.4244E-07,,,,,,,,,,,,,,,
DataValue, -0.305, 0, -9.79E-08,,,,,,,,,,,,,,,
DataValue, -0.31, 0, -1.0147999999999999E-07,,,,,,,,,,,,,,,
DataValue, -0.315, 0, -1.4835999999999999E-07,,,,,,,,,,,,,,,
DataValue, -0.32, 0, -1.1146E-07,,,,,,,,,,,,,,,
DataValue, -0.325, 0, -9.434E-08,,,,,,,,,,,,,,,
DataValue, -0.33, 0, -1.3998E-07,,,,,,,,,,,,,,,
DataValue, -0.335, 0, -1.4482E-07,,,,,,,,,,,,,,,
DataValue, -0.34, 0, -9.204E-08,,,,,,,,,,,,,,,
DataValue, -0.34500000000000003, 0, -1.4008E-07,,,,,,,,,,,,,,,
DataValue, -0.35000000000000003, 0, -1.5076E-07,,,,,,,,,,,,,,,
DataValue, -0.35500000000000004, 0, -1.0942E-07,,,,,,,,,,,,,,,
DataValue, -0.36000000000000004, 0, -1.154E-07,,,,,,,,,,,,,,,
DataValue, -0.365, 0, -1.6536E-07,,,,,,,,,,,,,,,
DataValue, -0.37, 0, -1.532E-07,,,,,,,,,,,,,,,
DataValue, -0.375, 0, -1.0154E-07,,,,,,,,,,,,,,,
DataValue, -0.38, 0, -1.3355999999999999E-07,,,,,,,,,,,,,,,
DataValue, -0.385, 0, -1.7884E-07,,,,,,,,,,,,,,,
DataValue, -0.39, 0, -1.3754E-07,,,,,,,,,,,,,,,
DataValue, -0.395, 0, -1.1122E-07,,,,,,,,,,,,,,,
DataValue, -0.4, 0, -1.5222E-07,,,,,,,,,,,,,,,
DataValue, -0.405, 0, -1.8264E-07,,,,,,,,,,,,,,,
DataValue, -0.41000000000000003, 0, -1.4072E-07,,,,,,,,,,,,,,,
DataValue, -0.41500000000000004, 0, -1.2274E-07,,,,,,,,,,,,,,,
DataValue, -0.42000000000000004, 0, -1.7342E-07,,,,,,,,,,,,,,,
DataValue, -0.42500000000000004, 0, -1.8983999999999999E-07,,,,,,,,,,,,,,,
DataValue, -0.43, 0, -1.438E-07,,,,,,,,,,,,,,,
DataValue, -0.435, 0, -1.3928E-07,,,,,,,,,,,,,,,
DataValue, -0.44, 0, -1.848E-07,,,,,,,,,,,,,,,
DataValue, -0.445, 0, -1.9108E-07,,,,,,,,,,,,,,,
DataValue, -0.45, 0, -1.4543999999999998E-07,,,,,,,,,,,,,,,
DataValue, -0.455, 0, -1.504E-07,,,,,,,,,,,,,,,
DataValue, -0.46, 0, -1.9574E-07,,,,,,,,,,,,,,,
DataValue, -0.465, 0, -1.9373999999999999E-07,,,,,,,,,,,,,,,
DataValue, -0.47000000000000003, 0, -1.4738E-07,,,,,,,,,,,,,,,
DataValue, -0.47500000000000003, 0, -1.6062E-07,,,,,,,,,,,,,,,
DataValue, -0.48000000000000004, 0, -2.1564E-07,,,,,,,,,,,,,,,
DataValue, -0.48500000000000004, 0, -1.9564E-07,,,,,,,,,,,,,,,
DataValue, -0.49000000000000005, 0, -1.5156E-07,,,,,,,,,,,,,,,
DataValue, -0.49500000000000005, 0, -1.8204E-07,,,,,,,,,,,,,,,
DataValue, -0.5, 0, -2.2636E-07,,,,,,,,,,,,,,,
DataValue, 0, -0.1, 6.2556199999999992E-08,,,,,,,,,,,,,,,
DataValue, -0.005, -0.1, 5.6586199999999992E-08,,,,,,,,,,,,,,,
DataValue, -0.01, -0.1, 6.65676E-08,,,,,,,,,,,,,,,
DataValue, -0.015000000000000001, -0.1, 3.7331399999999994E-08,,,,,,,,,,,,,,,
DataValue, -0.02, -0.1, 7.18952E-08,,,,,,,,,,,,,,,
DataValue, -0.025, -0.1, 2.3259799999999997E-08,,,,,,,,,,,,,,,
DataValue, -0.030000000000000002, -0.1, 6.7404E-08,,,,,,,,,,,,,,,
DataValue, -0.035, -0.1, 2.14528E-08,,,,,,,,,,,,,,,
DataValue, -0.04, -0.1, 5.8161399999999996E-08,,,,,,,,,,,,,,,
DataValue, -0.045000000000000005, -0.1, 1.0271799999999998E-08,,,,,,,,,,,,,,,
DataValue, -0.05, -0.1, 6.40474E-08,,,,,,,,,,,,,,,
DataValue, -0.055, -0.1, 1.6353999999999998E-09,,,,,,,,,,,,,,,
DataValue, -0.060000000000000005, -0.1, 6.0746399999999989E-08,,,,,,,,,,,,,,,
DataValue, -0.065, -0.1, 4.2782799999999996E-08,,,,,,,,,,,,,,,
DataValue, -0.07, -0.1, 4.1833999999999994E-09,,,,,,,,,,,,,,,
DataValue, -0.075, -0.1, 4.8730999999999995E-08,,,,,,,,,,,,,,,
DataValue, -0.08, -0.1, 1.456E-09,,,,,,,,,,,,,,,
DataValue, -0.085, -0.1, 1.94762E-08,,,,,,,,,,,,,,,
DataValue, -0.090000000000000011, -0.1, 3.90646E-08,,,,,,,,,,,,,,,
DataValue, -0.095, -0.1, -1.3166999999999998E-08,,,,,,,,,,,,,,,
DataValue, -0.1, -0.1, 3.3783399999999994E-08,,,,,,,,,,,,,,,
DataValue, -0.10500000000000001, -0.1, -6.7112E-09,,,,,,,,,,,,,,,
DataValue, -0.11, -0.1, 1.71272E-08,,,,,,,,,,,,,,,
DataValue, -0.115, -0.1, 1.3657999999999998E-09,,,,,,,,,,,,,,,
DataValue, -0.12000000000000001, -0.1, 2.2181999999999996E-09,,,,,,,,,,,,,,,
DataValue, -0.125, -0.1, 7.5294E-09,,,,,,,,,,,,,,,
DataValue, -0.13, -0.1, -1.2129199999999998E-08,,,,,,,,,,,,,,,
DataValue, -0.135, -0.1, 1.24304E-08,,,,,,,,,,,,,,,
DataValue, -0.14, -0.1, -3.3783399999999994E-08,,,,,,,,,,,,,,,
DataValue, -0.14500000000000002, -0.1, 2.3434799999999997E-08,,,,,,,,,,,,,,,
DataValue, -0.15, -0.1, -4.01402E-08,,,,,,,,,,,,,,,
DataValue, -0.155, -0.1, 1.81312E-08,,,,,,,,,,,,,,,
DataValue, -0.16, -0.1, -4.0156399999999994E-08,,,,,,,,,,,,,,,
DataValue, -0.165, -0.1, 1.3059199999999999E-08,,,,,,,,,,,,,,,
DataValue, -0.17, -0.1, -4.5096799999999993E-08,,,,,,,,,,,,,,,
DataValue, -0.17500000000000002, -0.1, 1.8874E-09,,,,,,,,,,,,,,,
DataValue, -0.18000000000000002, -0.1, -4.50652E-08,,,,,,,,,,,,,,,
DataValue, -0.185, -0.1, -2.7143999999999996E-09,,,,,,,,,,,,,,,
DataValue, -0.19, -0.1, -3.55696E-08,,,,,,,,,,,,,,,
DataValue, -0.195, -0.1, -4.0304599999999994E-08,,,,,,,,,,,,,,,
DataValue, -0.2, -0.1, -1.89212E-08,,,,,,,,,,,,,,,
DataValue, -0.20500000000000002, -0.1, -3.95058E-08,,,,,,,,,,,,,,,
DataValue, -0.21000000000000002, -0.1, -2.8166599999999998E-08,,,,,,,,,,,,,,,
DataValue, -0.215, -0.1, -3.86468E-08,,,,,,,,,,,,,,,
DataValue, -0.22, -0.1, -2.39178E-08,,,,,,,,,,,,,,,
DataValue, -0.225, -0.1, -4.9624199999999992E-08,,,,,,,,,,,,,,,
DataValue, -0.23, -0.1, -2.7683999999999998E-08,,,,,,,,,,,,,,,
DataValue, -0.23500000000000001, -0.1, -6.64132E-08,,,,,,,,,,,,,,,
DataValue, -0.24000000000000002, -0.1, -1.8217799999999997E-08,,,,,,,,,,,,,,,
DataValue, -0.24500000000000002, -0.1, -7.63004E-08,,,,,,,,,,,,,,,
DataValue, -0.25, -0.1, -1.8245399999999997E-08,,,,,,,,,,,,,,,
DataValue, -0.255, -0.1, -8.16988E-08,,,,,,,,,,,,,,,
DataValue, -0.26, -0.1, -2.29898E-08,,,,,,,,,,,,,,,
DataValue, -0.265, -0.1, -8.24198E-08,,,,,,,,,,,,,,,
DataValue, -0.27, -0.1, -3.2881599999999994E-08,,,,,,,,,,,,,,,
DataValue, -0.275, -0.1, -7.7547999999999987E-08,,,,,,,,,,,,,,,
DataValue, -0.28, -0.1, -4.6423799999999995E-08,,,,,,,,,,,,,,,
DataValue, -0.28500000000000003, -0.1, -7.01266E-08,,,,,,,,,,,,,,,
DataValue, -0.29000000000000004, -0.1, -5.3485799999999996E-08,,,,,,,,,,,,,,,
DataValue, -0.29500000000000004, -0.1, -8.0271199999999989E-08,,,,,,,,,,,,,,,
DataValue, -0.3, -0.1, -5.12906E-08,,,,,,,,,,,,,,,
DataValue, -0.305, -0.1, -9.0067599999999988E-08,,,,,,,,,,,,,,,
DataValue, -0.31, -0.1, -6.18938E-08,,,,,,,,,,,,,,,
DataValue, -0.315, -0.1, -8.72102E-08,,,,,,,,,,,,,,,
DataValue, -0.32, -0.1, -6.70334E-08,,,,,,,,,,,,,,,
DataValue, -0.325, -0.1, -7.40046E-08,,,,,,,,,,,,,,,
DataValue, -0.33, -0.1, -8.03134E-08,,,,,,,,,,,,,,,
DataValue, -0.335, -0.1, -1.1094E-07,,,,,,,,,,,,,,,
DataValue, -0.34, -0.1, -7.54058E-08,,,,,,,,,,,,,,,
DataValue, -0.34500000000000003, -0.1, -7.5962799999999992E-08,,,,,,,,,,,,,,,
DataValue, -0.35000000000000003, -0.1, -7.7739999999999993E-08,,,,,,,,,,,,,,,
DataValue, -0.35500000000000004, -0.1, -1.212E-07,,,,,,,,,,,,,,,
DataValue, -0.36000000000000004, -0.1, -7.838E-08,,,,,,,,,,,,,,,
DataValue, -0.365, -0.1, -1.2608E-07,,,,,,,,,,,,,,,
DataValue, -0.37, -0.1, -1.02E-07,,,,,,,,,,,,,,,
DataValue, -0.375, -0.1, -1.2734E-07,,,,,,,,,,,,,,,
DataValue, -0.38, -0.1, -9.116E-08,,,,,,,,,,,,,,,
DataValue, -0.385, -0.1, -1.301E-07,,,,,,,,,,,,,,,
DataValue, -0.39, -0.1, -9.242E-08,,,,,,,,,,,,,,,
DataValue, -0.395, -0.1, -1.35E-07,,,,,,,,,,,,,,,
DataValue, -0.4, -0.1, -9.396E-08,,,,,,,,,,,,,,,
DataValue, -0.405, -0.1, -1.4E-07,,,,,,,,,,,,,,,
DataValue, -0.41000000000000003, -0.1, -9.516E-08,,,,,,,,,,,,,,,
DataValue, -0.41500000000000004, -0.1, -1.4402E-07,,,,,,,,,,,,,,,
DataValue, -0.42000000000000004, -0.1, -9.4219999999999993E-08,,,,,,,,,,,,,,,
DataValue, -0.42500000000000004, -0.1, -1.0188E-07,,,,,,,,,,,,,,,
DataValue, -0.43, -0.1, -1.5003999999999999E-07,,,,,,,,,,,,,,,
DataValue, -0.435, -0.1, -1.0568E-07,,,,,,,,,,,,,,,
DataValue, -0.44, -0.1, -1.0348E-07,,,,,,,,,,,,,,,
DataValue, -0.445, -0.1, -1.543E-07,,,,,,,,,,,,,,,
DataValue, -0.45, -0.1, -1.2848E-07,,,,,,,,,,,,,,,
DataValue, -0.455, -0.1, -1.0601999999999999E-07,,,,,,,,,,,,,,,
DataValue, -0.46, -0.1, -1.61E-07,,,,,,,,,,,,,,,
DataValue, -0.465, -0.1, -1.2324E-07,,,,,,,,,,,,,,,
DataValue, -0.47000000000000003, -0.1, -1.1194E-07,,,,,,,,,,,,,,,
DataValue, -0.47500000000000003, -0.1, -1.674E-07,,,,,,,,,,,,,,,
DataValue, -0.48000000000000004, -0.1, -1.297E-07,,,,,,,,,,,,,,,
DataValue, -0.48500000000000004, -0.1, -1.0542E-07,,,,,,,,,,,,,,,
DataValue, -0.49000000000000005, -0.1, -1.581E-07,,,,,,,,,,,,,,,
DataValue, -0.49500000000000005, -0.1, -1.6148E-07,,,,,,,,,,,,,,,
DataValue, -0.5, -0.1, -1.0934E-07,,,,,,,,,,,,,,,
DataValue, 0, -0.2, 1.2364E-07,,,,,,,,,,,,,,,
DataValue, -0.005, -0.2, 1.2783999999999999E-07,,,,,,,,,,,,,,,
DataValue, -0.01, -0.2, 1.1006E-07,,,,,,,,,,,,,,,
DataValue, -0.015000000000000001, -0.2, 1.2286E-07,,,,,,,,,,,,,,,
DataValue, -0.02, -0.2, 1.0024E-07,,,,,,,,,,,,,,,
DataValue, -0.025, -0.2, 1.185E-07,,,,,,,,,,,,,,,
DataValue, -0.030000000000000002, -0.2, 8.798E-08,,,,,,,,,,,,,,,
DataValue, -0.035, -0.2, 1.1237999999999999E-07,,,,,,,,,,,,,,,
DataValue, -0.04, -0.2, 9.8236199999999991E-08,,,,,,,,,,,,,,,
DataValue, -0.045000000000000005, -0.2, 5.0416799999999997E-08,,,,,,,,,,,,,,,
DataValue, -0.05, -0.2, 1.00713E-07,,,,,,,,,,,,,,,
DataValue, -0.055, -0.2, 4.0210999999999995E-08,,,,,,,,,,,,,,,
DataValue, -0.060000000000000005, -0.2, 9.87522E-08,,,,,,,,,,,,,,,
DataValue, -0.065, -0.2, 3.4856799999999995E-08,,,,,,,,,,,,,,,
DataValue, -0.07, -0.2, 9.222639999999999E-08,,,,,,,,,,,,,,,
DataValue, -0.075, -0.2, 3.5093599999999995E-08,,,,,,,,,,,,,,,
DataValue, -0.08, -0.2, 8.05012E-08,,,,,,,,,,,,,,,
DataValue, -0.085, -0.2, 4.68688E-08,,,,,,,,,,,,,,,
DataValue, -0.090000000000000011, -0.2, 5.7967799999999996E-08,,,,,,,,,,,,,,,
DataValue, -0.095, -0.2, 5.2000199999999993E-08,,,,,,,,,,,,,,,
DataValue, -0.1, -0.2, 5.2091999999999994E-08,,,,,,,,,,,,,,,
DataValue, -0.10500000000000001, -0.2, 5.2536399999999997E-08,,,,,,,,,,,,,,,
DataValue, -0.11, -0.2, 4.31802E-08,,,,,,,,,,,,,,,
DataValue, -0.115, -0.2, 4.83994E-08,,,,,,,,,,,,,,,
DataValue, -0.12000000000000001, -0.2, 2.52896E-08,,,,,,,,,,,,,,,
DataValue, -0.125, -0.2, 5.1861E-08,,,,,,,,,,,,,,,
DataValue, -0.13, -0.2, 2.07726E-08,,,,,,,,,,,,,,,
DataValue, -0.135, -0.2, 5.97524E-08,,,,,,,,,,,,,,,
DataValue, -0.14, -0.2, 9.8896E-09,,,,,,,,,,,,,,,
DataValue, -0.14500000000000002, -0.2, 5.5704399999999996E-08,,,,,,,,,,,,,,,
DataValue, -0.15, -0.2, -7.442E-10,,,,,,,,,,,,,,,
DataValue, -0.155, -0.2, 5.4901799999999993E-08,,,,,,,,,,,,,,,
DataValue, -0.16, -0.2, -1.7998E-09,,,,,,,,,,,,,,,
DataValue, -0.165, -0.2, 4.4959399999999994E-08,,,,,,,,,,,,,,,
DataValue, -0.17, -0.2, 4.2514E-09,,,,,,,,,,,,,,,
DataValue, -0.17500000000000002, -0.2, 2.95542E-08,,,,,,,,,,,,,,,
DataValue, -0.18000000000000002, -0.2, 1.22538E-08,,,,,,,,,,,,,,,
DataValue, -0.185, -0.2, 1.2729999999999999E-08,,,,,,,,,,,,,,,
DataValue, -0.19, -0.2, 4.0864599999999994E-08,,,,,,,,,,,,,,,
DataValue, -0.195, -0.2, -1.72502E-08,,,,,,,,,,,,,,,
DataValue, -0.2, -0.2, 3.3796999999999995E-08,,,,,,,,,,,,,,,
DataValue, -0.20500000000000002, -0.2, -1.44438E-08,,,,,,,,,,,,,,,
DataValue, -0.21000000000000002, -0.2, 1.99118E-08,,,,,,,,,,,,,,,
DataValue, -0.215, -0.2, -5.3555999999999992E-09,,,,,,,,,,,,,,,
DataValue, -0.22, -0.2, 2.9041999999999995E-09,,,,,,,,,,,,,,,
DataValue, -0.225, -0.2, 3.2103999999999996E-09,,,,,,,,,,,,,,,
DataValue, -0.23, -0.2, -1.35698E-08,,,,,,,,,,,,,,,
DataValue, -0.23500000000000001, -0.2, 1.19776E-08,,,,,,,,,,,,,,,
DataValue, -0.24000000000000002, -0.2, -3.6371599999999995E-08,,,,,,,,,,,,,,,
DataValue, -0.24500000000000002, -0.2, 2.1805E-08,,,,,,,,,,,,,,,
DataValue, -0.25, -0.2, -4.1872399999999994E-08,,,,,,,,,,,,,,,
DataValue, -0.255, -0.2, 1.7345599999999997E-08,,,,,,,,,,,,,,,
DataValue, -0.26, -0.2, -4.30232E-08,,,,,,,,,,,,,,,
DataValue, -0.265, -0.2, 8.228E-09,,,,,,,,,,,,,,,
DataValue, -0.27, -0.2, -3.9479E-08,,,,,,,,,,,,,,,
DataValue, -0.275, -0.2, 2.0349999999999997E-09,,,,,,,,,,,,,,,
DataValue, -0.28, -0.2, -4.05236E-08,,,,,,,,,,,,,,,
DataValue, -0.28500000000000003, -0.2, -4.8483799999999995E-08,,,,,,,,,,,,,,,
DataValue, -0.29000000000000004, -0.2, 1.2991999999999998E-09,,,,,,,,,,,,,,,
DataValue, -0.29500000000000004, -0.2, -5.7696599999999995E-08,,,,,,,,,,,,,,,
DataValue, -0.3, -0.2, 4.8519999999999994E-10,,,,,,,,,,,,,,,
DataValue, -0.305, -0.2, -6.2954E-08,,,,,,,,,,,,,,,
DataValue, -0.31, -0.2, -4.7638399999999995E-08,,,,,,,,,,,,,,,
DataValue, -0.315, -0.2, -1.51156E-08,,,,,,,,,,,,,,,
DataValue, -0.32, -0.2, -6.2321399999999988E-08,,,,,,,,,,,,,,,
DataValue, -0.325, -0.2, -1.1813399999999998E-08,,,,,,,,,,,,,,,
DataValue, -0.33, -0.2, -7.04198E-08,,,,,,,,,,,,,,,
DataValue, -0.335, -0.2, -1.5290999999999998E-08,,,,,,,,,,,,,,,
DataValue, -0.34, -0.2, -7.528599999999999E-08,,,,,,,,,,,,,,,
DataValue, -0.34500000000000003, -0.2, -1.8708599999999997E-08,,,,,,,,,,,,,,,
DataValue, -0.35000000000000003, -0.2, -7.9867799999999987E-08,,,,,,,,,,,,,,,
DataValue, -0.35500000000000004, -0.2, -2.0575199999999998E-08,,,,,,,,,,,,,,,
DataValue, -0.36000000000000004, -0.2, -8.29416E-08,,,,,,,,,,,,,,,
DataValue, -0.365, -0.2, -2.4230799999999996E-08,,,,,,,,,,,,,,,
DataValue, -0.37, -0.2, -8.77864E-08,,,,,,,,,,,,,,,
DataValue, -0.375, -0.2, -2.7994799999999996E-08,,,,,,,,,,,,,,,
DataValue, -0.38, -0.2, -9.14734E-08,,,,,,,,,,,,,,,
DataValue, -0.385, -0.2, -3.22628E-08,,,,,,,,,,,,,,,
DataValue, -0.39, -0.2, -9.4912599999999989E-08,,,,,,,,,,,,,,,
DataValue, -0.395, -0.2, -3.56156E-08,,,,,,,,,,,,,,,
DataValue, -0.4, -0.2, -9.9203999999999993E-08,,,,,,,,,,,,,,,
DataValue, -0.405, -0.2, -4.0007999999999997E-08,,,,,,,,,,,,,,,
DataValue, -0.41000000000000003, -0.2, -9.84348E-08,,,,,,,,,,,,,,,
DataValue, -0.41500000000000004, -0.2, -4.5694399999999994E-08,,,,,,,,,,,,,,,
DataValue, -0.42000000000000004, -0.2, -1.0233019999999999E-07,,,,,,,,,,,,,,,
DataValue, -0.42500000000000004, -0.2, -5.8689999999999992E-08,,,,,,,,,,,,,,,
DataValue, -0.43, -0.2, -6.5091799999999987E-08,,,,,,,,,,,,,,,
DataValue, -0.435, -0.2, -8.9774599999999987E-08,,,,,,,,,,,,,,,
DataValue, -0.44, -0.2, -7.5427999999999992E-08,,,,,,,,,,,,,,,
DataValue, -0.445, -0.2, -9.36534E-08,,,,,,,,,,,,,,,
DataValue, -0.45, -0.2, -1.0656E-07,,,,,,,,,,,,,,,
DataValue, -0.455, -0.2, -1.1097999999999999E-07,,,,,,,,,,,,,,,
DataValue, -0.46, -0.2, -6.044E-08,,,,,,,,,,,,,,,
DataValue, -0.465, -0.2, -1.149E-07,,,,,,,,,,,,,,,
DataValue, -0.47000000000000003, -0.2, -1.0942E-07,,,,,,,,,,,,,,,
DataValue, -0.47500000000000003, -0.2, -7.768E-08,,,,,,,,,,,,,,,
DataValue, -0.48000000000000004, -0.2, -8.888E-08,,,,,,,,,,,,,,,
DataValue, -0.48500000000000004, -0.2, -1.3296E-07,,,,,,,,,,,,,,,
DataValue, -0.49000000000000005, -0.2, -8.948E-08,,,,,,,,,,,,,,,
DataValue, -0.49500000000000005, -0.2, -1.3702E-07,,,,,,,,,,,,,,,
DataValue, -0.5, -0.2, -1.1257999999999999E-07,,,,,,,,,,,,,,,
DataValue, 0, -0.3, 1.5339999999999998E-07,,,,,,,,,,,,,,,
DataValue, -0.005, -0.3, 1.0762E-07,,,,,,,,,,,,,,,
DataValue, -0.01, -0.3, 1.5395999999999998E-07,,,,,,,,,,,,,,,
DataValue, -0.015000000000000001, -0.3, 1.5658E-07,,,,,,,,,,,,,,,
DataValue, -0.02, -0.3, 1.0042E-07,,,,,,,,,,,,,,,
DataValue, -0.025, -0.3, 1.184E-07,,,,,,,,,,,,,,,
DataValue, -0.030000000000000002, -0.3, 1.6009999999999998E-07,,,,,,,,,,,,,,,
DataValue, -0.035, -0.3, 1.073E-07,,,,,,,,,,,,,,,
DataValue, -0.04, -0.3, 1.1396E-07,,,,,,,,,,,,,,,
DataValue, -0.045000000000000005, -0.3, 1.4706E-07,,,,,,,,,,,,,,,
DataValue, -0.05, -0.3, 1.0466E-07,,,,,,,,,,,,,,,
DataValue, -0.055, -0.3, 1.4109999999999999E-07,,,,,,,,,,,,,,,
DataValue, -0.060000000000000005, -0.3, 9.376E-08,,,,,,,,,,,,,,,
DataValue, -0.065, -0.3, 1.3624E-07,,,,,,,,,,,,,,,
DataValue, -0.07, -0.3, 9.036E-08,,,,,,,,,,,,,,,
DataValue, -0.075, -0.3, 1.2828E-07,,,,,,,,,,,,,,,
DataValue, -0.08, -0.3, 8.21E-08,,,,,,,,,,,,,,,
DataValue, -0.085, -0.3, 1.2368E-07,,,,,,,,,,,,,,,
DataValue, -0.090000000000000011, -0.3, 9.4910599999999987E-08,,,,,,,,,,,,,,,
DataValue, -0.095, -0.3, 1.0052E-07,,,,,,,,,,,,,,,
DataValue, -0.1, -0.3, 1.0314E-07,,,,,,,,,,,,,,,
DataValue, -0.10500000000000001, -0.3, 1.0606399999999999E-07,,,,,,,,,,,,,,,
DataValue, -0.11, -0.3, 4.72832E-08,,,,,,,,,,,,,,,
DataValue, -0.115, -0.3, 1.0532439999999999E-07,,,,,,,,,,,,,,,
DataValue, -0.12000000000000001, -0.3, 4.4469799999999996E-08,,,,,,,,,,,,,,,
DataValue, -0.125, -0.3, 9.4696799999999993E-08,,,,,,,,,,,,,,,
DataValue, -0.13, -0.3, 4.3527199999999994E-08,,,,,,,,,,,,,,,
DataValue, -0.135, -0.3, 9.1377799999999989E-08,,,,,,,,,,,,,,,
DataValue, -0.14, -0.3, 4.9727999999999994E-08,,,,,,,,,,,,,,,
DataValue, -0.14500000000000002, -0.3, 7.968379999999999E-08,,,,,,,,,,,,,,,
DataValue, -0.15, -0.3, 4.5333599999999992E-08,,,,,,,,,,,,,,,
DataValue, -0.155, -0.3, 6.398259999999999E-08,,,,,,,,,,,,,,,
DataValue, -0.16, -0.3, 4.7877799999999996E-08,,,,,,,,,,,,,,,
DataValue, -0.165, -0.3, 5.9305399999999996E-08,,,,,,,,,,,,,,,
DataValue, -0.17, -0.3, 5.7831E-08,,,,,,,,,,,,,,,
DataValue, -0.17500000000000002, -0.3, 4.8248799999999993E-08,,,,,,,,,,,,,,,
DataValue, -0.18000000000000002, -0.3, 7.2516599999999992E-08,,,,,,,,,,,,,,,
DataValue, -0.185, -0.3, 1.9795999999999997E-08,,,,,,,,,,,,,,,
DataValue, -0.19, -0.3, 7.4335399999999992E-08,,,,,,,,,,,,,,,
DataValue, -0.195, -0.3, 1.2538E-08,,,,,,,,,,,,,,,
DataValue, -0.2, -0.3, 7.2314199999999992E-08,,,,,,,,,,,,,,,
DataValue, -0.20500000000000002, -0.3, 9.8479999999999983E-09,,,,,,,,,,,,,,,
DataValue, -0.21000000000000002, -0.3, 6.4785E-08,,,,,,,,,,,,,,,
DataValue, -0.215, -0.3, 3.7708199999999994E-08,,,,,,,,,,,,,,,
DataValue, -0.22, -0.3, 2.53084E-08,,,,,,,,,,,,,,,
DataValue, -0.225, -0.3, 4.5481799999999992E-08,,,,,,,,,,,,,,,
DataValue, -0.23, -0.3, 1.98724E-08,,,,,,,,,,,,,,,
DataValue, -0.23500000000000001, -0.3, 4.5589799999999996E-08,,,,,,,,,,,,,,,
DataValue, -0.24000000000000002, -0.3, 4.2118E-09,,,,,,,,,,,,,,,
DataValue, -0.24500000000000002, -0.3, 5.1279999999999993E-08,,,,,,,,,,,,,,,
DataValue, -0.25, -0.3, -3.6609999999999997E-09,,,,,,,,,,,,,,,
DataValue, -0.255, -0.3, 4.38686E-08,,,,,,,,,,,,,,,
DataValue, -0.26, -0.3, 1.4694E-09,,,,,,,,,,,,,,,
DataValue, -0.265, -0.3, 2.8492599999999997E-08,,,,,,,,,,,,,,,
DataValue, -0.27, -0.3, 1.0489799999999999E-08,,,,,,,,,,,,,,,
DataValue, -0.275, -0.3, 1.35028E-08,,,,,,,,,,,,,,,
DataValue, -0.28, -0.3, 4.0045199999999996E-08,,,,,,,,,,,,,,,
DataValue, -0.28500000000000003, -0.3, -2.03162E-08,,,,,,,,,,,,,,,
DataValue, -0.29000000000000004, -0.3, 3.40542E-08,,,,,,,,,,,,,,,
DataValue, -0.29500000000000004, -0.3, -1.6712799999999998E-08,,,,,,,,,,,,,,,
DataValue, -0.3, -0.3, 2.3876399999999997E-08,,,,,,,,,,,,,,,
DataValue, -0.305, -0.3, -1.4469399999999999E-08,,,,,,,,,,,,,,,
DataValue, -0.31, -0.3, 2.06984E-08,,,,,,,,,,,,,,,
DataValue, -0.315, -0.3, -1.93406E-08,,,,,,,,,,,,,,,
DataValue, -0.32, -0.3, 4.4486E-09,,,,,,,,,,,,,,,
DataValue, -0.325, -0.3, -1.62974E-08,,,,,,,,,,,,,,,
DataValue, -0.33, -0.3, 1.3039999999999998E-09,,,,,,,,,,,,,,,
DataValue, -0.335, -0.3, -7.3124E-09,,,,,,,,,,,,,,,
DataValue, -0.34, -0.3, -9.3612E-09,,,,,,,,,,,,,,,
DataValue, -0.34500000000000003, -0.3, -1.0723E-08,,,,,,,,,,,,,,,
DataValue, -0.35000000000000003, -0.3, -3.9662399999999997E-08,,,,,,,,,,,,,,,
DataValue, -0.35500000000000004, -0.3, 7.388199999999999E-09,,,,,,,,,,,,,,,
DataValue, -0.36000000000000004, -0.3, -3.9848999999999995E-08,,,,,,,,,,,,,,,
DataValue, -0.365, -0.3, 5.6056E-09,,,,,,,,,,,,,,,
DataValue, -0.37, -0.3, -4.5923399999999996E-08,,,,,,,,,,,,,,,
DataValue, -0.375, -0.3, -4.7057999999999992E-09,,,,,,,,,,,,,,,
DataValue, -0.38, -0.3, -3.8666199999999995E-08,,,,,,,,,,,,,,,
DataValue, -0.385, -0.3, -4.72204E-08,,,,,,,,,,,,,,,
DataValue, -0.39, -0.3, -4.5011999999999993E-09,,,,,,,,,,,,,,,
DataValue, -0.395, -0.3, -5.8573399999999993E-08,,,,,,,,,,,,,,,
DataValue, -0.4, -0.3, -3.4458E-09,,,,,,,,,,,,,,,
DataValue, -0.405, -0.3, -6.5519399999999988E-08,,,,,,,,,,,,,,,
DataValue, -0.41000000000000003, -0.3, -5.7473999999999994E-09,,,,,,,,,,,,,,,
DataValue, -0.41500000000000004, -0.3, -6.88394E-08,,,,,,,,,,,,,,,
DataValue, -0.42000000000000004, -0.3, -9.8629999999999987E-09,,,,,,,,,,,,,,,
DataValue, -0.42500000000000004, -0.3, -7.3257399999999987E-08,,,,,,,,,,,,,,,
DataValue, -0.43, -0.3, -1.3410599999999998E-08,,,,,,,,,,,,,,,
DataValue, -0.435, -0.3, -7.689919999999999E-08,,,,,,,,,,,,,,,
DataValue, -0.44, -0.3, -1.7205599999999997E-08,,,,,,,,,,,,,,,
DataValue, -0.445, -0.3, -7.9237E-08,,,,,,,,,,,,,,,
DataValue, -0.45, -0.3, -2.4830799999999998E-08,,,,,,,,,,,,,,,
DataValue, -0.455, -0.3, -7.59776E-08,,,,,,,,,,,,,,,
DataValue, -0.46, -0.3, -3.79436E-08,,,,,,,,,,,,,,,
DataValue, -0.465, -0.3, -6.89408E-08,,,,,,,,,,,,,,,
DataValue, -0.47000000000000003, -0.3, -5.3954399999999996E-08,,,,,,,,,,,,,,,
DataValue, -0.47500000000000003, -0.3, -6.0398399999999991E-08,,,,,,,,,,,,,,,
DataValue, -0.48000000000000004, -0.3, -7.01582E-08,,,,,,,,,,,,,,,
DataValue, -0.48500000000000004, -0.3, -5.1231E-08,,,,,,,,,,,,,,,
DataValue, -0.49000000000000005, -0.3, -9.3397599999999992E-08,,,,,,,,,,,,,,,
DataValue, -0.49500000000000005, -0.3, -3.78654E-08,,,,,,,,,,,,,,,
DataValue, -0.5, -0.3, -1.009472E-07,,,,,,,,,,,,,,,
DataValue, 0, -0.4, 1.7036E-07,,,,,,,,,,,,,,,
DataValue, -0.005, -0.4, 1.3516E-07,,,,,,,,,,,,,,,
DataValue, -0.01, -0.4, 1.1209999999999999E-07,,,,,,,,,,,,,,,
DataValue, -0.015000000000000001, -0.4, 1.6294E-07,,,,,,,,,,,,,,,
DataValue, -0.02, -0.4, 1.2824E-07,,,,,,,,,,,,,,,
DataValue, -0.025, -0.4, 1.047E-07,,,,,,,,,,,,,,,
DataValue, -0.030000000000000002, -0.4, 1.5589999999999999E-07,,,,,,,,,,,,,,,
DataValue, -0.035, -0.4, 1.2102E-07,,,,,,,,,,,,,,,
DataValue, -0.04, -0.4, 9.822E-08,,,,,,,,,,,,,,,
DataValue, -0.045000000000000005, -0.4, 1.4958E-07,,,,,,,,,,,,,,,
DataValue, -0.05, -0.4, 1.1548E-07,,,,,,,,,,,,,,,
DataValue, -0.055, -0.4, 9.258E-08,,,,,,,,,,,,,,,
DataValue, -0.060000000000000005, -0.4, 1.4417999999999999E-07,,,,,,,,,,,,,,,
DataValue, -0.065, -0.4, 1.0808E-07,,,,,,,,,,,,,,,
DataValue, -0.07, -0.4, 8.686E-08,,,,,,,,,,,,,,,
DataValue, -0.075, -0.4, 1.38E-07,,,,,,,,,,,,,,,
DataValue, -0.08, -0.4, 1.0562E-07,,,,,,,,,,,,,,,
DataValue, -0.085, -0.4, 8.036E-08,,,,,,,,,,,,,,,
DataValue, -0.090000000000000011, -0.4, 1.3242E-07,,,,,,,,,,,,,,,
DataValue, -0.095, -0.4, 1.0276E-07,,,,,,,,,,,,,,,
DataValue, -0.1, -0.4, 6.24E-08,,,,,,,,,,,,,,,
DataValue, -0.10500000000000001, -0.4, 1.0894E-07,,,,,,,,,,,,,,,
DataValue, -0.11, -0.4, 1.1296E-07,,,,,,,,,,,,,,,
DataValue, -0.115, -0.4, 1.0862E-07,,,,,,,,,,,,,,,
DataValue, -0.12000000000000001, -0.4, 1.1666E-07,,,,,,,,,,,,,,,
DataValue, -0.125, -0.4, 9.914E-08,,,,,,,,,,,,,,,
DataValue, -0.13, -0.4, 1.0824E-07,,,,,,,,,,,,,,,
DataValue, -0.135, -0.4, 5.296E-08,,,,,,,,,,,,,,,
DataValue, -0.14, -0.4, 9.812E-08,,,,,,,,,,,,,,,
DataValue, -0.14500000000000002, -0.4, 1.0138E-07,,,,,,,,,,,,,,,
DataValue, -0.15, -0.4, 1.0603319999999999E-07,,,,,,,,,,,,,,,
DataValue, -0.155, -0.4, 4.7742399999999993E-08,,,,,,,,,,,,,,,
DataValue, -0.16, -0.4, 1.059814E-07,,,,,,,,,,,,,,,
DataValue, -0.165, -0.4, 4.2759999999999994E-08,,,,,,,,,,,,,,,
DataValue, -0.17, -0.4, 1.0179419999999999E-07,,,,,,,,,,,,,,,
DataValue, -0.17500000000000002, -0.4, 4.8341599999999995E-08,,,,,,,,,,,,,,,
DataValue, -0.18000000000000002, -0.4, 8.6026999999999993E-08,,,,,,,,,,,,,,,
DataValue, -0.185, -0.4, 5.6187799999999996E-08,,,,,,,,,,,,,,,
DataValue, -0.19, -0.4, 7.11446E-08,,,,,,,,,,,,,,,
DataValue, -0.195, -0.4, 6.4288999999999988E-08,,,,,,,,,,,,,,,
DataValue, -0.2, -0.4, 5.5398999999999992E-08,,,,,,,,,,,,,,,
DataValue, -0.20500000000000002, -0.4, 7.4367E-08,,,,,,,,,,,,,,,
DataValue, -0.21000000000000002, -0.4, 3.9879799999999993E-08,,,,,,,,,,,,,,,
DataValue, -0.215, -0.4, 8.19606E-08,,,,,,,,,,,,,,,
DataValue, -0.22, -0.4, 2.58348E-08,,,,,,,,,,,,,,,
DataValue, -0.225, -0.4, 8.5755799999999993E-08,,,,,,,,,,,,,,,
DataValue, -0.23, -0.4, 2.32044E-08,,,,,,,,,,,,,,,
DataValue, -0.23500000000000001, -0.4, 7.9853399999999989E-08,,,,,,,,,,,,,,,
DataValue, -0.24000000000000002, -0.4, 2.56904E-08,,,,,,,,,,,,,,,
DataValue, -0.24500000000000002, -0.4, 6.81886E-08,,,,,,,,,,,,,,,
DataValue, -0.25, -0.4, 3.31592E-08,,,,,,,,,,,,,,,
DataValue, -0.255, -0.4, 5.31986E-08,,,,,,,,,,,,,,,
DataValue, -0.26, -0.4, 4.2329599999999994E-08,,,,,,,,,,,,,,,
DataValue, -0.265, -0.4, 3.8063999999999996E-08,,,,,,,,,,,,,,,
DataValue, -0.27, -0.4, 5.2206999999999992E-08,,,,,,,,,,,,,,,
DataValue, -0.275, -0.4, 2.14594E-08,,,,,,,,,,,,,,,
DataValue, -0.28, -0.4, 6.03434E-08,,,,,,,,,,,,,,,
DataValue, -0.28500000000000003, -0.4, 1.0093799999999998E-08,,,,,,,,,,,,,,,
DataValue, -0.29000000000000004, -0.4, 6.2519999999999993E-08,,,,,,,,,,,,,,,
DataValue, -0.29500000000000004, -0.4, 2.6638E-09,,,,,,,,,,,,,,,
DataValue, -0.3, -0.4, 6.2212799999999992E-08,,,,,,,,,,,,,,,
DataValue, -0.305, -0.4, 4.1335E-08,,,,,,,,,,,,,,,
DataValue, -0.31, -0.4, 1.1557999999999998E-08,,,,,,,,,,,,,,,
DataValue, -0.315, -0.4, 4.0611999999999993E-08,,,,,,,,,,,,,,,
DataValue, -0.32, -0.4, 4.6424E-09,,,,,,,,,,,,,,,
DataValue, -0.325, -0.4, 4.8684399999999996E-08,,,,,,,,,,,,,,,
DataValue, -0.33, -0.4, 2.2747999999999996E-09,,,,,,,,,,,,,,,
DataValue, -0.335, -0.4, 3.36486E-08,,,,,,,,,,,,,,,
DataValue, -0.34, -0.4, 1.1956399999999998E-08,,,,,,,,,,,,,,,
DataValue, -0.34500000000000003, -0.4, 1.7876599999999997E-08,,,,,,,,,,,,,,,
DataValue, -0.35000000000000003, -0.4, 4.20372E-08,,,,,,,,,,,,,,,
DataValue, -0.35500000000000004, -0.4, -1.6472199999999998E-08,,,,,,,,,,,,,,,
DataValue, -0.36000000000000004, -0.4, 4.2644599999999994E-08,,,,,,,,,,,,,,,
DataValue, -0.365, -0.4, -2.0534599999999996E-08,,,,,,,,,,,,,,,
DataValue, -0.37, -0.4, 3.74448E-08,,,,,,,,,,,,,,,
DataValue, -0.375, -0.4, -1.9972599999999998E-08,,,,,,,,,,,,,,,
DataValue, -0.38, -0.4, 2.7246599999999997E-08,,,,,,,,,,,,,,,
DataValue, -0.385, -0.4, -1.4580999999999998E-08,,,,,,,,,,,,,,,
DataValue, -0.39, -0.4, 1.3290799999999999E-08,,,,,,,,,,,,,,,
DataValue, -0.395, -0.4, -6.2249999999999995E-09,,,,,,,,,,,,,,,
DataValue, -0.4, -0.4, -2.6429999999999997E-09,,,,,,,,,,,,,,,
DataValue, -0.405, -0.4, 1.8353999999999999E-09,,,,,,,,,,,,,,,
DataValue, -0.41000000000000003, -0.4, -1.60778E-08,,,,,,,,,,,,,,,
DataValue, -0.41500000000000004, -0.4, -3.4439999999999997E-10,,,,,,,,,,,,,,,
DataValue, -0.42000000000000004, -0.4, -1.3110599999999999E-08,,,,,,,,,,,,,,,
DataValue, -0.42500000000000004, -0.4, -1.0187999999999998E-08,,,,,,,,,,,,,,,
DataValue, -0.43, -0.4, -1.1403199999999999E-08,,,,,,,,,,,,,,,
DataValue, -0.435, -0.4, -1.3975799999999998E-08,,,,,,,,,,,,,,,
DataValue, -0.44, -0.4, -4.0422599999999996E-08,,,,,,,,,,,,,,,
DataValue, -0.445, -0.4, 4.0412E-09,,,,,,,,,,,,,,,
DataValue, -0.45, -0.4, -4.7632799999999996E-08,,,,,,,,,,,,,,,
DataValue, -0.455, -0.4, 4.4006E-09,,,,,,,,,,,,,,,
DataValue, -0.46, -0.4, -4.84622E-08,,,,,,,,,,,,,,,
DataValue, -0.465, -0.4, -1.7779999999999999E-09,,,,,,,,,,,,,,,
DataValue, -0.47000000000000003, -0.4, -4.9108999999999993E-08,,,,,,,,,,,,,,,
DataValue, -0.47500000000000003, -0.4, -7.223999999999999E-09,,,,,,,,,,,,,,,
DataValue, -0.48000000000000004, -0.4, -5.8582399999999997E-08,,,,,,,,,,,,,,,
DataValue, -0.48500000000000004, -0.4, -6.4025999999999994E-09,,,,,,,,,,,,,,,
DataValue, -0.49000000000000005, -0.4, -6.24476E-08,,,,,,,,,,,,,,,
DataValue, -0.49500000000000005, -0.4, -5.5283999999999992E-09,,,,,,,,,,,,,,,
DataValue, -0.5, -0.4, -6.8549599999999993E-08,,,,,,,,,,,,,,,
DataValue, 0, -0.5, 1.7884E-07,,,,,,,,,,,,,,,
DataValue, -0.005, -0.5, 1.2498E-07,,,,,,,,,,,,,,,
DataValue, -0.01, -0.5, 1.2392E-07,,,,,,,,,,,,,,,
DataValue, -0.015000000000000001, -0.5, 1.758E-07,,,,,,,,,,,,,,,
DataValue, -0.02, -0.5, 1.3884E-07,,,,,,,,,,,,,,,
DataValue, -0.025, -0.5, 1.0594E-07,,,,,,,,,,,,,,,
DataValue, -0.030000000000000002, -0.5, 1.5538E-07,,,,,,,,,,,,,,,
DataValue, -0.035, -0.5, 1.548E-07,,,,,,,,,,,,,,,
DataValue, -0.04, -0.5, 9.9179999999999992E-08,,,,,,,,,,,,,,,
DataValue, -0.045000000000000005, -0.5, 1.2802E-07,,,,,,,,,,,,,,,
DataValue, -0.05, -0.5, 1.6107999999999998E-07,,,,,,,,,,,,,,,
DataValue, -0.055, -0.5, 1.1284E-07,,,,,,,,,,,,,,,
DataValue, -0.060000000000000005, -0.5, 1.0488E-07,,,,,,,,,,,,,,,
DataValue, -0.065, -0.5, 1.546E-07,,,,,,,,,,,,,,,
DataValue, -0.07, -0.5, 1.2452E-07,,,,,,,,,,,,,,,
DataValue, -0.075, -0.5, 9.868E-08,,,,,,,,,,,,,,,
DataValue, -0.08, -0.5, 1.4666E-07,,,,,,,,,,,,,,,
DataValue, -0.085, -0.5, 1.384E-07,,,,,,,,,,,,,,,
DataValue, -0.090000000000000011, -0.5, 1.3044E-07,,,,,,,,,,,,,,,
DataValue, -0.095, -0.5, 1.4776E-07,,,,,,,,,,,,,,,
DataValue, -0.1, -0.5, 1.146E-07,,,,,,,,,,,,,,,
DataValue, -0.10500000000000001, -0.5, 1.481E-07,,,,,,,,,,,,,,,
DataValue, -0.11, -0.5, 1.1394E-07,,,,,,,,,,,,,,,
DataValue, -0.115, -0.5, 9.542E-08,,,,,,,,,,,,,,,
DataValue, -0.12000000000000001, -0.5, 1.4374E-07,,,,,,,,,,,,,,,
DataValue, -0.125, -0.5, 9.454E-08,,,,,,,,,,,,,,,
DataValue, -0.13, -0.5, 9.254E-08,,,,,,,,,,,,,,,
DataValue, -0.135, -0.5, 1.385E-07,,,,,,,,,,,,,,,
DataValue, -0.14, -0.5, 8.596E-08,,,,,,,,,,,,,,,
DataValue, -0.14500000000000002, -0.5, 1.3635999999999999E-07,,,,,,,,,,,,,,,
DataValue, -0.15, -0.5, 8.104E-08,,,,,,,,,,,,,,,
DataValue, -0.155, -0.5, 1.3266E-07,,,,,,,,,,,,,,,
DataValue, -0.16, -0.5, 7.368E-08,,,,,,,,,,,,,,,
DataValue, -0.165, -0.5, 1.0474E-07,,,,,,,,,,,,,,,
DataValue, -0.17, -0.5, 1.2498E-07,,,,,,,,,,,,,,,
DataValue, -0.17500000000000002, -0.5, 9.4778199999999988E-08,,,,,,,,,,,,,,,
DataValue, -0.18000000000000002, -0.5, 1.0746E-07,,,,,,,,,,,,,,,
DataValue, -0.185, -0.5, 1.0929999999999999E-07,,,,,,,,,,,,,,,
DataValue, -0.19, -0.5, 1.0348E-07,,,,,,,,,,,,,,,
DataValue, -0.195, -0.5, 1.0834E-07,,,,,,,,,,,,,,,
DataValue, -0.2, -0.5, 5.248E-08,,,,,,,,,,,,,,,
DataValue, -0.20500000000000002, -0.5, 8.736E-08,,,,,,,,,,,,,,,
DataValue, -0.21000000000000002, -0.5, 8.07268E-08,,,,,,,,,,,,,,,
DataValue, -0.215, -0.5, 7.2607E-08,,,,,,,,,,,,,,,
DataValue, -0.22, -0.5, 8.9817999999999991E-08,,,,,,,,,,,,,,,
DataValue, -0.225, -0.5, 5.6275399999999994E-08,,,,,,,,,,,,,,,
DataValue, -0.23, -0.5, 9.8329599999999986E-08,,,,,,,,,,,,,,,
DataValue, -0.23500000000000001, -0.5, 4.4564999999999996E-08,,,,,,,,,,,,,,,
DataValue, -0.24000000000000002, -0.5, 1.006212E-07,,,,,,,,,,,,,,,
DataValue, -0.24500000000000002, -0.5, 3.8603399999999993E-08,,,,,,,,,,,,,,,
DataValue, -0.25, -0.5, 9.8805999999999992E-08,,,,,,,,,,,,,,,
DataValue, -0.255, -0.5, 3.7075E-08,,,,,,,,,,,,,,,
DataValue, -0.26, -0.5, 9.1958199999999993E-08,,,,,,,,,,,,,,,
DataValue, -0.265, -0.5, 4.0364599999999996E-08,,,,,,,,,,,,,,,
DataValue, -0.27, -0.5, 8.09302E-08,,,,,,,,,,,,,,,
DataValue, -0.275, -0.5, 4.8571999999999993E-08,,,,,,,,,,,,,,,
DataValue, -0.28, -0.5, 6.46948E-08,,,,,,,,,,,,,,,
DataValue, -0.28500000000000003, -0.5, 5.7913999999999992E-08,,,,,,,,,,,,,,,
DataValue, -0.29000000000000004, -0.5, 5.1051199999999996E-08,,,,,,,,,,,,,,,
DataValue, -0.29500000000000004, -0.5, 6.6181799999999992E-08,,,,,,,,,,,,,,,
DataValue, -0.3, -0.5, 3.6823E-08,,,,,,,,,,,,,,,
DataValue, -0.305, -0.5, 7.8611199999999986E-08,,,,,,,,,,,,,,,
DataValue, -0.31, -0.5, 2.5613999999999997E-08,,,,,,,,,,,,,,,
DataValue, -0.315, -0.5, 7.8252399999999987E-08,,,,,,,,,,,,,,,
DataValue, -0.32, -0.5, 1.7078399999999998E-08,,,,,,,,,,,,,,,
DataValue, -0.325, -0.5, 7.6433199999999991E-08,,,,,,,,,,,,,,,
DataValue, -0.33, -0.5, 1.40234E-08,,,,,,,,,,,,,,,
DataValue, -0.335, -0.5, 7.13078E-08,,,,,,,,,,,,,,,
DataValue, -0.34, -0.5, 1.2775799999999999E-08,,,,,,,,,,,,,,,
DataValue, -0.34500000000000003, -0.5, 6.7596999999999993E-08,,,,,,,,,,,,,,,
DataValue, -0.35000000000000003, -0.5, 4.60232E-08,,,,,,,,,,,,,,,
DataValue, -0.35500000000000004, -0.5, 3.4193999999999995E-08,,,,,,,,,,,,,,,
DataValue, -0.36000000000000004, -0.5, 3.6856599999999995E-08,,,,,,,,,,,,,,,
DataValue, -0.365, -0.5, 3.60562E-08,,,,,,,,,,,,,,,
DataValue, -0.37, -0.5, 4.3358799999999994E-08,,,,,,,,,,,,,,,
DataValue, -0.375, -0.5, 2.4399999999999997E-08,,,,,,,,,,,,,,,
DataValue, -0.38, -0.5, 3.88994E-08,,,,,,,,,,,,,,,
DataValue, -0.385, -0.5, 2.27986E-08,,,,,,,,,,,,,,,
DataValue, -0.39, -0.5, 5.1926799999999995E-08,,,,,,,,,,,,,,,
DataValue, -0.395, -0.5, -2.4076E-09,,,,,,,,,,,,,,,
DataValue, -0.4, -0.5, 5.44744E-08,,,,,,,,,,,,,,,
DataValue, -0.405, -0.5, -4.7393999999999996E-09,,,,,,,,,,,,,,,
DataValue, -0.41000000000000003, -0.5, 4.51024E-08,,,,,,,,,,,,,,,
DataValue, -0.41500000000000004, -0.5, 1.02128E-08,,,,,,,,,,,,,,,
DataValue, -0.42000000000000004, -0.5, 2.2899399999999997E-08,,,,,,,,,,,,,,,
DataValue, -0.42500000000000004, -0.5, 4.2430799999999994E-08,,,,,,,,,,,,,,,
DataValue, -0.43, -0.5, -1.2257399999999999E-08,,,,,,,,,,,,,,,
DataValue, -0.435, -0.5, 3.7787799999999996E-08,,,,,,,,,,,,,,,
DataValue, -0.44, -0.5, -8.8135999999999986E-09,,,,,,,,,,,,,,,
DataValue, -0.445, -0.5, 2.5804199999999998E-08,,,,,,,,,,,,,,,
DataValue, -0.45, -0.5, -3.8199999999999997E-10,,,,,,,,,,,,,,,
DataValue, -0.455, -0.5, 1.0824399999999998E-08,,,,,,,,,,,,,,,
DataValue, -0.46, -0.5, 7.7731999999999988E-09,,,,,,,,,,,,,,,
DataValue, -0.465, -0.5, -4.1881999999999992E-09,,,,,,,,,,,,,,,
DataValue, -0.47000000000000003, -0.5, 1.6795199999999997E-08,,,,,,,,,,,,,,,
DataValue, -0.47500000000000003, -0.5, -2.7612999999999997E-08,,,,,,,,,,,,,,,
DataValue, -0.48000000000000004, -0.5, 2.9610999999999996E-08,,,,,,,,,,,,,,,
DataValue, -0.48500000000000004, -0.5, -3.35502E-08,,,,,,,,,,,,,,,
DataValue, -0.49000000000000005, -0.5, 2.5811999999999996E-08,,,,,,,,,,,,,,,
DataValue, -0.49500000000000005, -0.5, -3.3756999999999996E-08,,,,,,,,,,,,,,,
DataValue, -0.5, -0.5, 1.63748E-08,,,,,,,,,,,,,,,
